{
  "test/mockServer.html": 1629086662539,
  "test/unit/unitTests.qunit.js": 1629086662551,
  "test/unit/controller/Main.controller.js": 1629086662547,
  "test/integration/pages/View1.js": 1629086662535,
  "test/integration/arrangements/Startup.js": 1629086662523,
  "manifest.json": 1629086662515,
  "test/unit/AllTests.js": 1629086662547,
  "test/integration/opaTests.qunit.js": 1629086662523,
  "test/integration/NavigationJourney.js": 1629086662519,
  "test/integration/AllJourneys.js": 1629086662519,
  "test/testsuite.qunit.js": 1629086662543,
  "test/initMockServer.js": 1629086662515,
  "model/models.js": 1629086662515,
  "localService/mockserver.js": 1629086662511,
  "controller/Main.controller.js": 1629086662507,
  "Component.js": 1629086662507,
  "manifest-bundle.zip": 1629087158739,
  "Component-preload.js": 1629087159151,
  "localService/mockserver-dbg.js": 1629086662511,
  "test/integration/pages/View1-dbg.js": 1629086662535,
  "test/integration/arrangements/Startup-dbg.js": 1629086662523,
  "test/unit/unitTests.qunit-dbg.js": 1629086662551,
  "test/unit/AllTests-dbg.js": 1629086662547,
  "test/integration/opaTests.qunit-dbg.js": 1629086662523,
  "test/integration/NavigationJourney-dbg.js": 1629086662519,
  "test/integration/AllJourneys-dbg.js": 1629086662519,
  "test/testsuite.qunit-dbg.js": 1629086662543,
  "test/initMockServer-dbg.js": 1629086662515,
  "model/models-dbg.js": 1629086662515,
  "test/unit/controller/Main-dbg.controller.js": 1629086662547,
  "controller/Main-dbg.controller.js": 1629086662507,
  "Component-dbg.js": 1629086662507,
  "test/unit/unitTests.qunit.html": 1629086662547,
  "test/integration/opaTests.qunit.html": 1629086662523,
  "view/Main.view.xml": 1629086861922,
  "test/testsuite.qunit.html": 1629086662539,
  "i18n/i18n.properties": 1629086662511,
  "css/style.css": 1629086662507,
  "index.html": 1629086662511
}