{
  "localService/mockserver-dbg.js": 1628485911574,
  "test/changes_loader.js": 1628485911578,
  "utils/locate-reuse-libs.js": 1628485911586,
  "test/changes_preview.js": 1628485911578,
  "manifest.json": 1628485911570,
  "localService/mockserver.js": 1628485911574,
  "Component.js": 1628485911566,
  "manifest-bundle.zip": 1628490879917,
  "Component-preload.js": 1628490880250,
  "Component-dbg.js": 1628485911566,
  "test/changes_preview-dbg.js": 1628485911578,
  "test/changes_loader-dbg.js": 1628485911578,
  "i18n/i18n.properties": 1628490545332,
  "utils/locate-reuse-libs-dbg.js": 1628485911586,
  "test/flpSandboxMockServer.html": 1628485911582,
  "test/flpSandbox.html": 1628485911582,
  "localService/metadata.xml": 1628485911598,
  "annotations/annotation.xml": 1628490611604,
  "index.html": 1628485911566
}