{
  "manifest-bundle.zip": 1628565715234,
  "Component.js": 1628565673511,
  "utils/locate-reuse-libs.js": 1628565673523,
  "test/changes_preview.js": 1628565673519,
  "test/changes_loader.js": 1628565673519,
  "localService/mockserver.js": 1628565673519,
  "manifest.json": 1628565696331,
  "i18n/i18n.properties": 1628565696435,
  "Component-preload.js": 1628565715497,
  "Component-dbg.js": 1628565673511,
  "test/changes_preview-dbg.js": 1628565673519,
  "test/changes_loader-dbg.js": 1628565673519,
  "localService/mockserver-dbg.js": 1628565673519,
  "utils/locate-reuse-libs-dbg.js": 1628565673523,
  "test/flpSandboxMockServer.html": 1628565673523,
  "test/flpSandbox.html": 1628565673519,
  "localService/metadata.xml": 1628565673531,
  "localService/ZCDS_UX403_SADL_19_CDS_VAN.xml": 1628565673523,
  "annotations/annotation.xml": 1628565673515,
  "index.html": 1628565673515
}